id_area,area,area_solicitante
0,OTROS,COE MOD Y MET PARA LA GESTION DEL RIESGO
1,TRIBUS,GERENCIA DE DIVISION SEGMENTOS PERSONAS
2,TRIBUS,TRIBU PRODUCTOS CREDITICIOS EMP & CORP
3,GDH,GCIA DE DIVISION CANALES DE ATENCION
4,GDH,"COE RIESGOS MERCA ESTRUC, NEGOCI Y LIQUI"
5,TRIBUS,TRIBU TESORERÍA
6,OTROS,GERENCIA DE DIVISION DE AUDITORIA
7,OTROS,GCIA ÁREA FINANZAS CORP Y CLIENTES ESTRU
8,DIVISION YAPE,TRIBU YAPE PAGOS
9,INGENIERIA,GCIA DE DIV ESTRATEGIA DE PERSONAS Y ADM
10,MANTENIMIENTO,GERENCIA DE AREA DE SOSTENIBILIDAD
11,DIVISION YAPE,SIN_AREA
12,TRIBUS,GCIA DE DIVISION CANALES DE ATENCION
13,DIVISION YAPE,GERENCIA GENERAL
14,OTROS,GERENCIA DE ÁREA CLIENTES CORPORAT PERU
15,GDH,GERENCIA DE AREA DE TECNOLOGIA - CTO
16,DATA,"GERENCIA CENTRAL DE TI, OPERA Y DATA"
17,TRIBUS,TRIBU YAPE EXPERIENCIA
18,DATA,GCIA DE DIV ESTRATEGIA DE PERSONAS Y ADM
19,ASUNTOS CORPORATIVOS,SIN_AREA
20,TRANSFORMACION AGIL,TRIBU EXPERIENCIA DEL COLABORADOR
21,TRIBUS,COE SALESFORCE
22,CLIENTES CONTENTOS,"GERENCIA CENTRAL DE TI, OPERA Y DATA"
23,SERVICIOS DE DISTRIBUCIÓN,SIN_AREA
24,GDH,GCIA ÁREA GLOBAL IT & CIBERSECURITY AUDI
25,MEDIOS DE PAGO,SIN_AREA
26,OTROS,GERENCIA DE DIVISION BANCA EMPRESA
27,TRIBUS,GERENCIA DE DIVISIÓN SOLUCIONES DE PAGO
28,GAF,GCIA DE DIV ESTRATEGIA DE PERSONAS Y ADM
29,TRIBUS,COE DATA
30,OTROS,GERENCIA DE AREA EFICIENCIA
31,OTROS,GERENCIA DE AREA ADMIN. DE RIESG DE MODE
32,RECONECTA,TRIBU YAPE EXPERIENCIA
33,SEGURIDAD,"ÁREA SEG CORP, INTELIG & C. CIBERNÉTICO"
34,OBRAS POR IMPUESTOS,AREA COMERCIAL LIMA 2
35,OTROS,GCIA DE AREA MOD  Y MET PARA GEST RIESGO
36,TRIBUS,COE MARKETING Y COMUNICACIONES
37,TRIBUS,SIN_AREA
38,RECONECTA,DIVISION YAPE
39,CLIENTES CONTENTOS,DIVISION DE NEOBANCA Y YAPE
40,DATA,GCIA AREA ADMINISTRACION Y ABASTECIMIENT
41,SISTEMAS,COE CLOUD
42,CLIENTES CONTENTOS,GCIA AREA ADMINISTRACION Y ABASTECIMIENT
43,OTROS,COE MODEL RISK MANAGMENT
44,CLIENTES CONTENTOS,GERENCIA DE ÁREA BANCA INTERNACIONAL
45,TRIBUS,TRIBU ESTRATEGIA DE SOLUCIONES DE PAGO
46,SERVICIOS DE DISTRIBUCIÓN,GCIA DE DIV ESTRATEGIA DE PERSONAS Y ADM
47,DIVISION YAPE,DIVISION DE NEOBANCA Y YAPE
48,GDH,GER DIVISION DE RIESGOS NO FINANCIEROS
49,MEDIOS DE PAGO,TRIBU MEDIOS DE PAGO
50,DATA,GCIA DE DIVISION DATA & ANALYTICS
51,GAF,SIN_AREA
52,OTROS,GCIA AREA GESTION DE INFORMACION FINANCI
53,GDH,GCIA DE DIVISION LEGAL Y SECRETARIA GENE
54,OTROS,TRIBU STAFF DCA
55,CLIENTES CONTENTOS,GERENCIA DE AREA MATRIX
56,INGENIERIA,GERENCIA DE AREA DE INFRAESTRUCTURA
57,RECONECTA,GCIA DE DIVISION CANALES DE ATENCION
58,MARKETING,GERENCIA CENTRAL DE CLIENTES PERSONAS
59,MEDIOS DE PAGO,TRIBU SEGMENTOS PERSONAS
60,OTROS,CORP. DE COMPENSACIONES Y DESEMPEÑO
61,GAF,GERENCIA DE AREA DE INFRAESTRUCTURA
62,TRIBUS,GERENCIA DIVISION DE TESORERIA
63,OTROS,SIN_AREA
64,SISTEMAS,GER DIVISION DE RIESGOS NO FINANCIEROS
65,MEDIOS DE PAGO,GERENCIA DIVISION DE TESORERIA
66,INGENIERIA,SIN_AREA
67,CLIENTES CONTENTOS,"GCIA AREA ESTRAT. FINANZAS TI, DATA Y OP"
68,OTROS,GCIA DE AREA DE PROD Y VENT DE TESORERIA
69,SISTEMAS,GERENCIA DIV DESARROLLO PRODUC. PERSONAS
70,GDH,CORP. DE COMPENSACIONES Y DESEMPEÑO
71,SEGURIDAD,GER DIVISION DE RIESGOS NO FINANCIEROS
72,SISTEMAS,GCIA DE AREA SOLUCIONES TRANSVERSALES TI
73,OTROS,GCIA DIVIS DE CLIENTES CORPORAT E INTERN
74,TRIBUS,"GERENCIA CENTRAL DE TI, OPERA Y DATA"
75,MARKETING,COE LEAN AGILE CENTER OF EXCELLENCE-LACE
76,CLIENTES CONTENTOS,GCIA ÁREA CAPACIDADES DE TRANSFORMACIÓN
77,SUMINISTROS,SIN_AREA
78,GDH,"ÁREA SEG CORP, INTELIGENCIA & CYBERCRIME"
79,TRIBUS,GCIA TRANSFORMACIÓN DE LA EXPERIENCIA
80,MEDIOS DE PAGO,TRIBU PRESTAMOS
81,SERVICIOS DE DISTRIBUCIÓN,GCIA DE DIVISION DE CONTABILIDAD GENERAL
82,TRIBUS,TRIBU CANALES DIGITALES EMP & CORP
83,OTROS,GER.CTRAL PLANEAMIENTO Y FINANZAS
84,TRIBUS,TRIBU PYME
85,TRIBUS,GERENCIA DIV DESARROLLO PRODUC. PERSONAS
86,SISTEMAS,GCIA DE DIV ESTRATEGIA DE PERSONAS Y ADM
87,MARKETING,DIVISION DE NEOBANCA Y YAPE
88,TRIBUS,GCIA DE ÁREA DE INTELIGENCIA ARTIFICIAL
89,SISTEMAS,COE MARKETING Y COMUNICACIONES
90,INGENIERIA,TRIBU EXPERIENCIA DEL COLABORADOR
91,MARKETING,GERENCIA DE AREA DE SOSTENIBILIDAD
92,CLIENTES CONTENTOS,GERENCIA DE DIVISION SEGMENTOS PERSONAS
93,RECONECTA,AREA BANCA EMPRESAS LIMA(3)
94,SERVICIOS DE DISTRIBUCIÓN,GCIA DE AREA CUENT ESPEC Y SEG DE CREDIT
95,TRANSFORMACION AGIL,SIN_AREA
96,GDH,GCIA DE DIV ESTRATEGIA DE PERSONAS Y ADM
97,OBRAS POR IMPUESTOS,SIN_AREA
98,SISTEMAS,"TRIBU TARJETA, SERV Y PROD DE INVERSION"
99,CLIENTES CONTENTOS,GCIA DE DIV DE GES Y DES HUM Y ADMINISTR
100,OTROS,TRIBU DE RIESGOS NO FINANCIEROS
101,SUMINISTROS,DIVISION YAPE
102,CLIENTES CONTENTOS,GCIA DIV CANALES DIGI Y CAPAC. DE TRANSF
103,TRIBUS,TRIBU PRODUCTOS TRANSACCIONALES EMP&CORP
104,DATA,SIN_AREA
105,SISTEMAS,"GCIA AREA ESTRAT. FINANZAS TI, DATA Y OP"
106,SEGURIDAD,"ÁREA SEG CORP, INTELIGENCIA & CYBERCRIME"
107,SISTEMAS,SIN_AREA
108,TRIBUS,"TRIBU AHORROS, INVERSIONES Y TRANSACCION"
109,MARKETING,GCIA DE DIV ESTRATEGIA DE PERSONAS Y ADM
110,DIVISION YAPE,GCIA AREA ADMINISTRACION Y ABASTECIMIENT
111,CLIENTES CONTENTOS,SIN_AREA
112,SISTEMAS,GCIA AREA ADMINISTRACION Y ABASTECIMIENT
113,TRIBUS,COE CRM
114,MARKETING,"ÁREA SEG CORP, INTELIGENCIA & CYBERCRIME"
115,MARKETING,GERENCIA DE AREA DE RECONECTA
116,SEGURIDAD,SIN_AREA
117,OTROS,GERENCIA DIVISION DE TESORERIA
118,MARKETING,GERENCIA DE DIVISIÓN SOLUCIONES DE PAGO
119,RECONECTA,GERENCIA DE AREA DE SOSTENIBILIDAD
120,GAF,TRIBU EXPERIENCIA DEL COLABORADOR
121,SISTEMAS,GCIA AREA SEG CORP INVESTI & LAB FORENSE
122,RECONECTA,AREA COMERCIAL PROVINCIAS 2
123,GDH,GERENCIA DE DIVIS CUMPLIM Y ÉTICA CORPOR
124,INGENIERIA,GCIA AREA ADMINISTRACION Y ABASTECIMIENT
125,CLIENTES CONTENTOS,GCIA AREA DE DESARROLLO NUEVOS NEGOCIOS
126,OTROS,GCIA DE DIVISION DE CONTABILIDAD GENERAL
127,TRIBUS,GCIA DE AREA CENTRO DE CONTACTO Y VENTAS
128,GDH,SIN_AREA
129,GDH,"GERENCIA CENTRAL DE TI, OPERA Y DATA"
130,RECONECTA,GERENCIA DE AREA DE RECONECTA
131,RECONECTA,GCIA DE DIV ESTRATEGIA DE PERSONAS Y ADM
132,TRIBUS,TRIBU PRESTAMOS
133,TRIBUS,GERENCIA DE DIVISIÓN PRODUCTOS Y CANALES
134,TRIBUS,DIVISION DE NEOBANCA Y YAPE
135,GDH,GCIA AREA ADMINISTRACION Y ABASTECIMIENT
136,CLIENTES CONTENTOS,GCIA DE AREA CLIENTES CONTENTOS E INNOVA
137,OBRAS POR IMPUESTOS,GCIA AREA ADMINISTRACION Y ABASTECIMIENT
138,SISTEMAS,"GERENCIA CENTRAL DE TI, OPERA Y DATA"
139,CLIENTES CONTENTOS,COE MARKETING Y COMUNICACIONES
140,MARKETING,GCIA DIV CANALES DIGI Y CAPAC. DE TRANSF
141,OTROS,GERENCIA DE ÁREA OPERACIONES Y PROCESOS
142,SERVICIOS DE DISTRIBUCIÓN,GCIA DIVIS DE CLIENTES CORPORAT E INTERN
143,SISTEMAS,GCIA DE DIVISION CANALES DE ATENCION
144,SISTEMAS,GCIA DE AREA SOFTWARE ENGINEERING - CIO
145,SERVICIOS DE DISTRIBUCIÓN,GCIA ÁREA PREVENCIÓN DELITOS FINANCIEROS
146,OTROS,GCIA DE DIVISION DE ADMINISTRAC DE RIESG
147,SERVICIOS DE DISTRIBUCIÓN,GCIA AREA ADMINISTRACION Y ABASTECIMIENT
148,OTROS,TRIBU ESTRATEGIA DE SOLUCIONES DE PAGO
149,TRANSFORMACION AGIL,GCIA DE DIV ESTRATEGIA DE PERSONAS Y ADM
150,RECONECTA,COE LEAN AGILE CENTER OF EXCELLENCE-LACE
151,MARKETING,TRIBU YAPE PRODUCTO
152,DATA,COE ADVANCED ANALYTICS
153,GDH,COE MARKETING Y COMUNICACIONES
154,GDH,COE DISEÑO ESTRATÉGICO
155,SERVICIOS DE DISTRIBUCIÓN,DIVISION YAPE
156,SERVICIOS DE DISTRIBUCIÓN,GCIA DE DIVISION LEGAL Y SECRETARIA GENE
157,RECONECTA,GERENCIA DE ÁREA CLIENTES CORPORAT PERU
158,TRIBUS,TRIBU VENTAS DIGITALES
159,MARKETING,DIVISION YAPE
160,RECONECTA,GCIA DIV CANALES DIGI Y CAPAC. DE TRANSF
161,MEDIOS DE PAGO,GCIA AREA DE DESARROLLO NUEVOS NEGOCIOS
162,MANTENIMIENTO,SIN_AREA
163,OTROS,GERENCIA DE AREA FINANZAS CORPORATIVAS
164,GDH,GERENCIA DE AREA DE SOSTENIBILIDAD
165,CLIENTES CONTENTOS,IO
166,TRIBUS,"GCIA AREA ESTRAT. FINANZAS TI, DATA Y OP"
167,OTROS,DIVISION YAPE
168,MARKETING,GCIA DE DIVISION DATA & ANALYTICS
169,DIVISION YAPE,GCIA DE DIV ESTRATEGIA DE PERSONAS Y ADM
170,OTROS,COE RIESGOS NO FINANCIEROS
171,SERVICIOS DE DISTRIBUCIÓN,GCIA ÁREA FINANZAS CORP Y CLIENTES ESTRU
172,OTROS,"GERENCIA CENTRAL DE TI, OPERA Y DATA"
173,DATA,COE DATA
174,CLIENTES CONTENTOS,DIVISION YAPE
175,MARKETING,GCIA AREA ADMINISTRACION Y ABASTECIMIENT
176,OTROS,GCIA AREA PROD ESTRUC DERIVADOS CLIENTES
177,CLIENTES CONTENTOS,COE DISEÑO ESTRATÉGICO
178,OTROS,GERENCIA DE DIVISIÓN SOLUCIONES DE PAGO
179,OTROS,GER DIVISION DE RIESGOS NO FINANCIEROS
180,TRIBUS,GERENCIA DE DIVISIÓN RIESGO BANCA MINORI
181,GDH,GCIA AREA PLAN ESTRATÉGICO DE CORP Y EMP
182,TRIBUS,TRIBU YAPE PRODUCTO
183,GDH,COE DATA
184,SISTEMAS,TRIBU CANALES ALTERNATIVOS
185,TRIBUS,GERENCIA DE ÁREA BANCA INTERNACIONAL
186,CLIENTES CONTENTOS,TRIBU SEGMENTOS PERSONAS
187,MARKETING,TRIBU LEALTAD Y CAPACIDADES DE TRANSFORM
188,CLIENTES CONTENTOS,GERENCIA DE ÁREA OPERACIONES Y PROCESOS
189,OTROS,GCIA DE DIV ESTRATEGIA DE PERSONAS Y ADM
190,TRIBUS,"TRIBU TARJETA, SERV Y PROD DE INVERSION"
191,ASUNTOS CORPORATIVOS,COE MARKETING Y COMUNICACIONES
192,SERVICIOS DE DISTRIBUCIÓN,GCIA DE AREA CENTRO DE CONTACTO Y VENTAS
193,RECONECTA,GCIA DIVIS DE CLIENTES CORPORAT E INTERN
194,SISTEMAS,GCIA DE DIVISION DATA & ANALYTICS
195,RECONECTA,AREA COMERCIAL LIMA 1
196,CLIENTES CONTENTOS,GERENCIA GENERAL
197,TRIBUS,GCIA DE AREA BANCA AFLUENTE
198,RECONECTA,GERENCIA CENTRAL DE CLIENTES PERSONAS
199,GDH,GERENCIA DE AREA DE INFRAESTRUCTURA
200,OTROS,GCIA DE DIVISION ESTRATEGIA Y DESARROLLO
201,DIVISION YAPE,TRIBU EXPERIENCIA DEL COLABORADOR
202,SERVICIOS DE DISTRIBUCIÓN,GERENCIA DE DIVISION DE CREDITOS
203,TRIBUS,COE ADVANCED ANALYTICS
204,OTROS,GCIA AREA ADMINIS DE RIESGO DE CREDITO
205,ALQUILERES,GCIA DE DIV ESTRATEGIA DE PERSONAS Y ADM
206,MARKETING,GERENCIA DIV DESARROLLO PRODUC. PERSONAS
207,OTROS,GCIA DE DIVISION LEGAL Y SECRETARIA GENE
208,OTROS,DIVISION DE NEOBANCA Y YAPE
209,GDH,GCIA DE DIVISION DE ADMINISTRAC DE RIESG
210,MARKETING,SIN_AREA
211,OTROS,"COE RIESGOS MERCA ESTRUC, NEGOCI Y LIQUI"
212,TRIBUS,TRIBU CANALES DIGITALES
213,CLIENTES CONTENTOS,GERENCIA CENTRAL DE CLIENTES PERSONAS
214,TRIBUS,TRIBU MEDIOS DE PAGO
215,TRIBUS,GCIA DIV CANALES DIGI Y CAPAC. DE TRANSF
216,MARKETING,GCIA DE DIVISION CANALES DE ATENCION
217,DIVISION YAPE,TRIBU YAPE PRODUCTO
218,OTROS,AREA BANCA EMPRESAS LIMA(3)
219,TRIBUS,COE DISEÑO ESTRATÉGICO
220,MARKETING,GCIA AREA SEGURIDAD CORPO. & CRIMEN CIBE
221,GDH,GCIA DE DIV DE GES Y DES HUM Y ADMINISTR
222,DATA,COE LEAN AGILE CENTER OF EXCELLENCE-LACE
223,SEGURIDAD,GCIA AREA SEGURIDAD CORPO. & CRIMEN CIBE
224,CLIENTES CONTENTOS,TRIBU CANALES ALTERNATIVOS
225,RECONECTA,GERENCIA GENERAL
226,SISTEMAS,"ÁREA SEG CORP, INTELIGENCIA & CYBERCRIME"
227,TRIBUS,GCIA DIVISIÓN PRODUCTOS Y CANALES EMPRES
228,RECONECTA,AREA COMERCIAL LIMA 2
229,TRIBUS,TRIBU HIPOTECARIOS
230,GDH,GERENCIA DE DIVISIÓN SOLUCIONES DE PAGO
231,SISTEMAS,GCIA ÁREA FINANZAS CORP Y CLIENTES ESTRU
232,DATA,GERENCIA DE AREA DE INFRAESTRUCTURA
233,CLIENTES CONTENTOS,TRIBU LEALTAD Y CAPACIDADES DE TRANSFORM
234,RECONECTA,TRIBU YAPE PRODUCTO
235,MEDIOS DE PAGO,"TRIBU AHORROS, INVERSIONES Y TRANSACCION"
236,OTROS,TRIBU TESORERÍA
237,SISTEMAS,TRIBU END USER
238,SERVICIOS DE DISTRIBUCIÓN,GCIA DE DIV DE GES Y DES HUM Y ADMINISTR
239,OTROS,GERENCIA CENTRAL DE RIESGOS
240,SERVICIOS DE DISTRIBUCIÓN,GERENCIA DE AREA FINANZAS CORPORATIVAS
241,GDH,TRIBU EXPERIENCIA DEL COLABORADOR
242,OTROS,GCIA AREA NEGOC. Y GESTIÓN DE PROV. CORP
243,TRIBUS,GCIA DE AREA CUENT ESPEC Y SEG DE CREDIT
244,SISTEMAS,GERENCIA DE AREA DE TECNOLOGIA - CTO
245,CLIENTES CONTENTOS,GERENCIA DE AREA DE INFRAESTRUCTURA
246,MARKETING,TRIBU PRESTAMOS
247,OTROS,IO
248,DIVISION YAPE,GERENCIA DE DIVISIÓN RIESGO BANCA MINORI
249,ASUNTOS CORPORATIVOS,GCIA DE DIV ESTRATEGIA DE PERSONAS Y ADM
250,GDH,AREA PERFILES DIGITALES
251,SERVICIOS DE DISTRIBUCIÓN,GERENCIA DE ÁREA BANCA INTERNACIONAL
252,SISTEMAS,DIVISION YAPE
253,SEGURIDAD,TRIBU DE RIESGOS NO FINANCIEROS
254,GDH,TRIBU TESORERÍA
255,RECONECTA,GCIA DE AREA CENTRO DE CONTACTO Y VENTAS
256,ASUNTOS CORPORATIVOS,GCIA AREA ADMINISTRACION Y ABASTECIMIENT
257,CLIENTES CONTENTOS,COE LEAN AGILE CENTER OF EXCELLENCE-LACE
258,TRIBUS,TRIBU RIESGOS PYME
259,TRIBUS,DIVISION YAPE
260,TRIBUS,TRIBU FACTURA ELECTRONICA NEGOCIABLE
261,OTROS,GERENCIA GENERAL
262,GAF,GCIA AREA ADMINISTRACION Y ABASTECIMIENT
263,OTROS,COE MODEL RISK MANAGMENT - MRM
264,MEDIOS DE PAGO,GCIA DE DIV ESTRATEGIA DE PERSONAS Y ADM
265,RECONECTA,GERENCIA DIV DESARROLLO PRODUC. PERSONAS
266,DIVISION YAPE,DIVISION YAPE
267,MEDIOS DE PAGO,GERENCIA DIV DESARROLLO PRODUC. PERSONAS
268,GDH,GCIA DE AREA CLIENTES CONTENTOS E INNOVA
269,MARKETING,GCIA AREA DE DESARROLLO NUEVOS NEGOCIOS
270,GDH,GCIA AREA CORPORAT RELACIONES LABORALES
271,ALQUILERES,GCIA AREA ADMINISTRACION Y ABASTECIMIENT
272,RECONECTA,GCIA AREA SEG CORP INVESTI & LAB FORENSE
273,SISTEMAS,GERENCIA GENERAL
274,CLIENTES CONTENTOS,GCIA TRANSFORMACIÓN DE LA EXPERIENCIA
275,MANTENIMIENTO,GERENCIA DE AREA DE INFRAESTRUCTURA
276,MARKETING,GERENCIA GENERAL
277,DIVISION YAPE,TRIBU YAPE EXPERIENCIA
278,TRANSFORMACION AGIL,TRIBU PRODUCTOS TRANSACCIONALES EMP&CORP
279,SUMINISTROS,GCIA AREA ADMINISTRACION Y ABASTECIMIENT
280,MANTENIMIENTO,AREA PERFILES DIGITALES
281,SISTEMAS,"TRIBU AHORROS, INVERSIONES Y TRANSACCION"
282,RECONECTA,GCIA AREA ADMINISTRACION Y ABASTECIMIENT
283,RECONECTA,DIVISION DE NEOBANCA Y YAPE
284,GDH,AREA COMERCIAL LIMA 2
285,MARKETING,TRIBU SEGMENTOS PERSONAS
286,TRIBUS,GERENCIA CENTRAL DE CLIENTES PERSONAS
287,TRIBUS,COE LEAN AGILE CENTER OF EXCELLENCE-LACE
288,SERVICIOS DE DISTRIBUCIÓN,GERENCIA DE ÁREA GESTION DE CUMPLIMIENTO
289,MARKETING,COE DISEÑO ESTRATÉGICO
290,ALQUILERES,SIN_AREA
291,OTROS,GERENCIA DE DIVISION DE CREDITOS
292,OTROS,GCIA DE DIVIS PLANEAMIENTO Y CONTROL FIN
293,OTROS,GERENCIA DE AREA DE IMPUESTOS
294,OTROS,GERENCIA DE AREA PRICING
295,SIN_AREA,SIN_AREA
296,TRIBUS,GERENCIA DE AREA FINANZAS CORPORATIVAS
297,DATA,GCIA GENERAL ADJ DE TRANSF E INNOVACION
298,ASUNTOS CORPORATIVOS,GERENCIA DE DIVISION ASUNTOS CORPORATIVO
299,GDH,COE MODEL RISK MANAGMENT
300,GDH,DIVISION YAPE
301,SISTEMAS,GERENCIA DE DIVISION SEGMENTOS PERSONAS
302,CLIENTES CONTENTOS,GERENCIA DIV DESARROLLO PRODUC. PERSONAS
303,OTROS,COE LEAN AGILE CENTER OF EXCELLENCE-LACE
304,TRIBUS,TRIBU BANCA SEGUROS
305,OTROS,TRIBU VENTAS DIGITALES
306,MANTENIMIENTO,GCIA DE DIV ESTRATEGIA DE PERSONAS Y ADM
307,TRIBUS,TRIBU CANALES ALTERNATIVOS
308,OTROS,GERENCIA DE DIVIS CUMPLIM Y ÉTICA CORPOR
309,OBRAS POR IMPUESTOS,GERENCIA DE AREA DE INFRAESTRUCTURA
310,MARKETING,COE MARKETING Y COMUNICACIONES
311,SEGURIDAD,GCIA AREA SEG CORP INVESTI & LAB FORENSE
312,SERVICIOS DE DISTRIBUCIÓN,"GERENCIA CENTRAL DE TI, OPERA Y DATA"
313,OTROS,AREA BANCA EMPRESAS LIMA(1)
314,OTROS,AREA BANCA EMPRESA LIMA 4 Y PROVINCIAS
315,OTROS,GERENCIA DE ÁREA GESTION DE CUMPLIMIENTO
316,RECONECTA,COE DISEÑO ESTRATÉGICO
317,GDH,"GCIA AREA ESTRAT. FINANZAS TI, DATA Y OP"
318,TRANSFORMACION AGIL,GCIA AREA ADMINISTRACION Y ABASTECIMIENT
319,DIVISION YAPE,COE MARKETING Y COMUNICACIONES
320,GDH,GCIA DE AREA SOFTWARE ENGINEERING - CIO
321,DATA,GCIA DE DIVISION CANALES DE ATENCION
322,CLIENTES CONTENTOS,COE CRM
323,RECONECTA,COE MARKETING Y COMUNICACIONES
324,SISTEMAS,GCIA AREA SEGURIDAD CORPO. & CRIMEN CIBE
325,TRIBUS,TRIBU EXPERIENCIA DEL COLABORADOR
326,TRIBUS,TRIBU INFRASTRUCTURE & IT OPERATION
327,TRIBUS,TRIBU YAPE PAGOS
328,OTROS,"GCIA AREA ESTRAT. FINANZAS TI, DATA Y OP"
329,TRIBUS,GCIA DIV SEGMEN. CANALES PYME Y NEGOCIOS
330,RECONECTA,SIN_AREA
331,SUMINISTROS,GERENCIA DE AREA DE INFRAESTRUCTURA
332,GDH,GERENCIA GENERAL
333,OTROS,GCIA DIVISIÓN PRODUCTOS Y CANALES EMPRES
334,GDH,GERENCIA DIVISION DE TESORERIA
335,SISTEMAS,TRIBU INFRASTRUCTURE & IT OPERATION
336,INGENIERIA,AREA COMERCIAL LIMA 2
337,TRIBUS,GCIA DIVIS DE CLIENTES CORPORAT E INTERN
338,GDH,GERENCIA DIV DESARROLLO PRODUC. PERSONAS
339,OTROS,GCIA CENTRAL DE EMPRESAS Y CORPORACIONES
340,CLIENTES CONTENTOS,GCIA DE DIV ESTRATEGIA DE PERSONAS Y ADM
341,OTROS,GCIA AREA ADMINISTRACION Y ABASTECIMIENT
342,TRIBUS,GERENCIA GENERAL
343,OTROS,GCIA DE DIVISION CANALES DE ATENCION
344,OBRAS POR IMPUESTOS,GCIA DE DIV ESTRATEGIA DE PERSONAS Y ADM
345,TRIBUS,GCIA AREA ADMINISTRACION Y ABASTECIMIENT
346,TRANSFORMACION AGIL,COE LEAN AGILE CENTER OF EXCELLENCE-LACE
347,RECONECTA,TRIBU STAFF DCA
348,OTROS,GERENCIA DE ÁREA BANCA INTERNACIONAL
