"TiempoKey","Fecha","Año","Mes","Dia","NombreMes","Trimestre"
"2","1/01/2024 00:00:00","2024","1","1","January","1"
"3","2/01/2024 00:00:00","2024","1","2","January","1"
"4","3/01/2024 00:00:00","2024","1","3","January","1"
"5","4/01/2024 00:00:00","2024","1","4","January","1"
"6","5/01/2024 00:00:00","2024","1","5","January","1"
"7","6/01/2024 00:00:00","2024","1","6","January","1"
"8","7/01/2024 00:00:00","2024","1","7","January","1"
"9","8/01/2024 00:00:00","2024","1","8","January","1"
"10","9/01/2024 00:00:00","2024","1","9","January","1"
"11","10/01/2024 00:00:00","2024","1","10","January","1"
"12","11/01/2024 00:00:00","2024","1","11","January","1"
"13","12/01/2024 00:00:00","2024","1","12","January","1"
"14","13/01/2024 00:00:00","2024","1","13","January","1"
"15","14/01/2024 00:00:00","2024","1","14","January","1"
"16","15/01/2024 00:00:00","2024","1","15","January","1"
"17","16/01/2024 00:00:00","2024","1","16","January","1"
"18","17/01/2024 00:00:00","2024","1","17","January","1"
"19","18/01/2024 00:00:00","2024","1","18","January","1"
"20","19/01/2024 00:00:00","2024","1","19","January","1"
"21","20/01/2024 00:00:00","2024","1","20","January","1"
"22","21/01/2024 00:00:00","2024","1","21","January","1"
"23","22/01/2024 00:00:00","2024","1","22","January","1"
"24","23/01/2024 00:00:00","2024","1","23","January","1"
"25","24/01/2024 00:00:00","2024","1","24","January","1"
"26","25/01/2024 00:00:00","2024","1","25","January","1"
"27","26/01/2024 00:00:00","2024","1","26","January","1"
"28","27/01/2024 00:00:00","2024","1","27","January","1"
"29","28/01/2024 00:00:00","2024","1","28","January","1"
"30","29/01/2024 00:00:00","2024","1","29","January","1"
"31","30/01/2024 00:00:00","2024","1","30","January","1"
"32","31/01/2024 00:00:00","2024","1","31","January","1"
"33","1/02/2024 00:00:00","2024","2","1","February","1"
"34","2/02/2024 00:00:00","2024","2","2","February","1"
"35","3/02/2024 00:00:00","2024","2","3","February","1"
"36","4/02/2024 00:00:00","2024","2","4","February","1"
"37","5/02/2024 00:00:00","2024","2","5","February","1"
"38","6/02/2024 00:00:00","2024","2","6","February","1"
"39","7/02/2024 00:00:00","2024","2","7","February","1"
"40","8/02/2024 00:00:00","2024","2","8","February","1"
"41","9/02/2024 00:00:00","2024","2","9","February","1"
"42","10/02/2024 00:00:00","2024","2","10","February","1"
"43","11/02/2024 00:00:00","2024","2","11","February","1"
"44","12/02/2024 00:00:00","2024","2","12","February","1"
"45","13/02/2024 00:00:00","2024","2","13","February","1"
"46","14/02/2024 00:00:00","2024","2","14","February","1"
"47","15/02/2024 00:00:00","2024","2","15","February","1"
"48","16/02/2024 00:00:00","2024","2","16","February","1"
"49","17/02/2024 00:00:00","2024","2","17","February","1"
"50","18/02/2024 00:00:00","2024","2","18","February","1"
"51","19/02/2024 00:00:00","2024","2","19","February","1"
"52","20/02/2024 00:00:00","2024","2","20","February","1"
"53","21/02/2024 00:00:00","2024","2","21","February","1"
"54","22/02/2024 00:00:00","2024","2","22","February","1"
"55","23/02/2024 00:00:00","2024","2","23","February","1"
"56","24/02/2024 00:00:00","2024","2","24","February","1"
"57","25/02/2024 00:00:00","2024","2","25","February","1"
"58","26/02/2024 00:00:00","2024","2","26","February","1"
"59","27/02/2024 00:00:00","2024","2","27","February","1"
"60","28/02/2024 00:00:00","2024","2","28","February","1"
"61","29/02/2024 00:00:00","2024","2","29","February","1"
"62","1/03/2024 00:00:00","2024","3","1","March","1"
"63","2/03/2024 00:00:00","2024","3","2","March","1"
"64","3/03/2024 00:00:00","2024","3","3","March","1"
"65","4/03/2024 00:00:00","2024","3","4","March","1"
"66","5/03/2024 00:00:00","2024","3","5","March","1"
"67","6/03/2024 00:00:00","2024","3","6","March","1"
"68","7/03/2024 00:00:00","2024","3","7","March","1"
"69","8/03/2024 00:00:00","2024","3","8","March","1"
"70","9/03/2024 00:00:00","2024","3","9","March","1"
"71","10/03/2024 00:00:00","2024","3","10","March","1"
"72","11/03/2024 00:00:00","2024","3","11","March","1"
"73","12/03/2024 00:00:00","2024","3","12","March","1"
"74","13/03/2024 00:00:00","2024","3","13","March","1"
"75","14/03/2024 00:00:00","2024","3","14","March","1"
"76","15/03/2024 00:00:00","2024","3","15","March","1"
"77","16/03/2024 00:00:00","2024","3","16","March","1"
"78","17/03/2024 00:00:00","2024","3","17","March","1"
"79","18/03/2024 00:00:00","2024","3","18","March","1"
"80","19/03/2024 00:00:00","2024","3","19","March","1"
"81","20/03/2024 00:00:00","2024","3","20","March","1"
"82","21/03/2024 00:00:00","2024","3","21","March","1"
"83","22/03/2024 00:00:00","2024","3","22","March","1"
"84","23/03/2024 00:00:00","2024","3","23","March","1"
"85","24/03/2024 00:00:00","2024","3","24","March","1"
"86","25/03/2024 00:00:00","2024","3","25","March","1"
"87","26/03/2024 00:00:00","2024","3","26","March","1"
"88","27/03/2024 00:00:00","2024","3","27","March","1"
"89","28/03/2024 00:00:00","2024","3","28","March","1"
"90","29/03/2024 00:00:00","2024","3","29","March","1"
"91","30/03/2024 00:00:00","2024","3","30","March","1"
"92","31/03/2024 00:00:00","2024","3","31","March","1"
"93","1/04/2024 00:00:00","2024","4","1","April","2"
"94","2/04/2024 00:00:00","2024","4","2","April","2"
"95","3/04/2024 00:00:00","2024","4","3","April","2"
"96","4/04/2024 00:00:00","2024","4","4","April","2"
"97","5/04/2024 00:00:00","2024","4","5","April","2"
"98","6/04/2024 00:00:00","2024","4","6","April","2"
"99","7/04/2024 00:00:00","2024","4","7","April","2"
"100","8/04/2024 00:00:00","2024","4","8","April","2"
"101","9/04/2024 00:00:00","2024","4","9","April","2"
"102","10/04/2024 00:00:00","2024","4","10","April","2"
"103","11/04/2024 00:00:00","2024","4","11","April","2"
"104","12/04/2024 00:00:00","2024","4","12","April","2"
"105","13/04/2024 00:00:00","2024","4","13","April","2"
"106","14/04/2024 00:00:00","2024","4","14","April","2"
"107","15/04/2024 00:00:00","2024","4","15","April","2"
"108","16/04/2024 00:00:00","2024","4","16","April","2"
"109","17/04/2024 00:00:00","2024","4","17","April","2"
"110","18/04/2024 00:00:00","2024","4","18","April","2"
"111","19/04/2024 00:00:00","2024","4","19","April","2"
"112","20/04/2024 00:00:00","2024","4","20","April","2"
"113","21/04/2024 00:00:00","2024","4","21","April","2"
"114","22/04/2024 00:00:00","2024","4","22","April","2"
"115","23/04/2024 00:00:00","2024","4","23","April","2"
"116","24/04/2024 00:00:00","2024","4","24","April","2"
"117","25/04/2024 00:00:00","2024","4","25","April","2"
"118","26/04/2024 00:00:00","2024","4","26","April","2"
"119","27/04/2024 00:00:00","2024","4","27","April","2"
"120","28/04/2024 00:00:00","2024","4","28","April","2"
"121","29/04/2024 00:00:00","2024","4","29","April","2"
"122","30/04/2024 00:00:00","2024","4","30","April","2"
"123","1/05/2024 00:00:00","2024","5","1","May","2"
"124","2/05/2024 00:00:00","2024","5","2","May","2"
"125","3/05/2024 00:00:00","2024","5","3","May","2"
"126","4/05/2024 00:00:00","2024","5","4","May","2"
"127","5/05/2024 00:00:00","2024","5","5","May","2"
"128","6/05/2024 00:00:00","2024","5","6","May","2"
"129","7/05/2024 00:00:00","2024","5","7","May","2"
"130","8/05/2024 00:00:00","2024","5","8","May","2"
"131","9/05/2024 00:00:00","2024","5","9","May","2"
"132","10/05/2024 00:00:00","2024","5","10","May","2"
"133","11/05/2024 00:00:00","2024","5","11","May","2"
"134","12/05/2024 00:00:00","2024","5","12","May","2"
"135","13/05/2024 00:00:00","2024","5","13","May","2"
"136","14/05/2024 00:00:00","2024","5","14","May","2"
"137","15/05/2024 00:00:00","2024","5","15","May","2"
"138","16/05/2024 00:00:00","2024","5","16","May","2"
"139","17/05/2024 00:00:00","2024","5","17","May","2"
"140","18/05/2024 00:00:00","2024","5","18","May","2"
"141","19/05/2024 00:00:00","2024","5","19","May","2"
"142","20/05/2024 00:00:00","2024","5","20","May","2"
"143","21/05/2024 00:00:00","2024","5","21","May","2"
"144","22/05/2024 00:00:00","2024","5","22","May","2"
"145","23/05/2024 00:00:00","2024","5","23","May","2"
"146","24/05/2024 00:00:00","2024","5","24","May","2"
"147","25/05/2024 00:00:00","2024","5","25","May","2"
"148","26/05/2024 00:00:00","2024","5","26","May","2"
"149","27/05/2024 00:00:00","2024","5","27","May","2"
"150","28/05/2024 00:00:00","2024","5","28","May","2"
"151","29/05/2024 00:00:00","2024","5","29","May","2"
"152","30/05/2024 00:00:00","2024","5","30","May","2"
"153","31/05/2024 00:00:00","2024","5","31","May","2"
"154","1/06/2024 00:00:00","2024","6","1","June","2"
"155","2/06/2024 00:00:00","2024","6","2","June","2"
"156","3/06/2024 00:00:00","2024","6","3","June","2"
"157","4/06/2024 00:00:00","2024","6","4","June","2"
"158","5/06/2024 00:00:00","2024","6","5","June","2"
"159","6/06/2024 00:00:00","2024","6","6","June","2"
"160","7/06/2024 00:00:00","2024","6","7","June","2"
"161","8/06/2024 00:00:00","2024","6","8","June","2"
"162","9/06/2024 00:00:00","2024","6","9","June","2"
"163","10/06/2024 00:00:00","2024","6","10","June","2"
"164","11/06/2024 00:00:00","2024","6","11","June","2"
"165","12/06/2024 00:00:00","2024","6","12","June","2"
"166","13/06/2024 00:00:00","2024","6","13","June","2"
"167","14/06/2024 00:00:00","2024","6","14","June","2"
"168","15/06/2024 00:00:00","2024","6","15","June","2"
"169","16/06/2024 00:00:00","2024","6","16","June","2"
"170","17/06/2024 00:00:00","2024","6","17","June","2"
"171","18/06/2024 00:00:00","2024","6","18","June","2"
"172","19/06/2024 00:00:00","2024","6","19","June","2"
"173","20/06/2024 00:00:00","2024","6","20","June","2"
"174","21/06/2024 00:00:00","2024","6","21","June","2"
"175","22/06/2024 00:00:00","2024","6","22","June","2"
"176","23/06/2024 00:00:00","2024","6","23","June","2"
"177","24/06/2024 00:00:00","2024","6","24","June","2"
"178","25/06/2024 00:00:00","2024","6","25","June","2"
"179","26/06/2024 00:00:00","2024","6","26","June","2"
"180","27/06/2024 00:00:00","2024","6","27","June","2"
"181","28/06/2024 00:00:00","2024","6","28","June","2"
"182","29/06/2024 00:00:00","2024","6","29","June","2"
"183","30/06/2024 00:00:00","2024","6","30","June","2"
"184","1/07/2024 00:00:00","2024","7","1","July","3"
"185","2/07/2024 00:00:00","2024","7","2","July","3"
"186","3/07/2024 00:00:00","2024","7","3","July","3"
"187","4/07/2024 00:00:00","2024","7","4","July","3"
"188","5/07/2024 00:00:00","2024","7","5","July","3"
"189","6/07/2024 00:00:00","2024","7","6","July","3"
"190","7/07/2024 00:00:00","2024","7","7","July","3"
"191","8/07/2024 00:00:00","2024","7","8","July","3"
"192","9/07/2024 00:00:00","2024","7","9","July","3"
"193","10/07/2024 00:00:00","2024","7","10","July","3"
"194","11/07/2024 00:00:00","2024","7","11","July","3"
"195","12/07/2024 00:00:00","2024","7","12","July","3"
"196","13/07/2024 00:00:00","2024","7","13","July","3"
"197","14/07/2024 00:00:00","2024","7","14","July","3"
"198","15/07/2024 00:00:00","2024","7","15","July","3"
"199","16/07/2024 00:00:00","2024","7","16","July","3"
"200","17/07/2024 00:00:00","2024","7","17","July","3"
"201","18/07/2024 00:00:00","2024","7","18","July","3"
"202","19/07/2024 00:00:00","2024","7","19","July","3"
"203","20/07/2024 00:00:00","2024","7","20","July","3"
"204","21/07/2024 00:00:00","2024","7","21","July","3"
"205","22/07/2024 00:00:00","2024","7","22","July","3"
"206","23/07/2024 00:00:00","2024","7","23","July","3"
"207","24/07/2024 00:00:00","2024","7","24","July","3"
"208","25/07/2024 00:00:00","2024","7","25","July","3"
"209","26/07/2024 00:00:00","2024","7","26","July","3"
"210","27/07/2024 00:00:00","2024","7","27","July","3"
"211","28/07/2024 00:00:00","2024","7","28","July","3"
"212","29/07/2024 00:00:00","2024","7","29","July","3"
"213","30/07/2024 00:00:00","2024","7","30","July","3"
"214","31/07/2024 00:00:00","2024","7","31","July","3"
"215","1/08/2024 00:00:00","2024","8","1","August","3"
"216","2/08/2024 00:00:00","2024","8","2","August","3"
"217","3/08/2024 00:00:00","2024","8","3","August","3"
"218","4/08/2024 00:00:00","2024","8","4","August","3"
"219","5/08/2024 00:00:00","2024","8","5","August","3"
"220","6/08/2024 00:00:00","2024","8","6","August","3"
"221","7/08/2024 00:00:00","2024","8","7","August","3"
"222","8/08/2024 00:00:00","2024","8","8","August","3"
"223","9/08/2024 00:00:00","2024","8","9","August","3"
"224","10/08/2024 00:00:00","2024","8","10","August","3"
"225","11/08/2024 00:00:00","2024","8","11","August","3"
"226","12/08/2024 00:00:00","2024","8","12","August","3"
"227","13/08/2024 00:00:00","2024","8","13","August","3"
"228","14/08/2024 00:00:00","2024","8","14","August","3"
"229","15/08/2024 00:00:00","2024","8","15","August","3"
"230","16/08/2024 00:00:00","2024","8","16","August","3"
"231","17/08/2024 00:00:00","2024","8","17","August","3"
"232","18/08/2024 00:00:00","2024","8","18","August","3"
"233","19/08/2024 00:00:00","2024","8","19","August","3"
"234","20/08/2024 00:00:00","2024","8","20","August","3"
"235","21/08/2024 00:00:00","2024","8","21","August","3"
"236","22/08/2024 00:00:00","2024","8","22","August","3"
"237","23/08/2024 00:00:00","2024","8","23","August","3"
"238","24/08/2024 00:00:00","2024","8","24","August","3"
"239","25/08/2024 00:00:00","2024","8","25","August","3"
"240","26/08/2024 00:00:00","2024","8","26","August","3"
"241","27/08/2024 00:00:00","2024","8","27","August","3"
"242","28/08/2024 00:00:00","2024","8","28","August","3"
"243","29/08/2024 00:00:00","2024","8","29","August","3"
"244","30/08/2024 00:00:00","2024","8","30","August","3"
"245","31/08/2024 00:00:00","2024","8","31","August","3"
"246","1/09/2024 00:00:00","2024","9","1","September","3"
"247","2/09/2024 00:00:00","2024","9","2","September","3"
"248","3/09/2024 00:00:00","2024","9","3","September","3"
"249","4/09/2024 00:00:00","2024","9","4","September","3"
"250","5/09/2024 00:00:00","2024","9","5","September","3"
"251","6/09/2024 00:00:00","2024","9","6","September","3"
"252","7/09/2024 00:00:00","2024","9","7","September","3"
"253","8/09/2024 00:00:00","2024","9","8","September","3"
"254","9/09/2024 00:00:00","2024","9","9","September","3"
"255","10/09/2024 00:00:00","2024","9","10","September","3"
"256","11/09/2024 00:00:00","2024","9","11","September","3"
"257","12/09/2024 00:00:00","2024","9","12","September","3"
"258","13/09/2024 00:00:00","2024","9","13","September","3"
"259","14/09/2024 00:00:00","2024","9","14","September","3"
"260","15/09/2024 00:00:00","2024","9","15","September","3"
"261","16/09/2024 00:00:00","2024","9","16","September","3"
"262","17/09/2024 00:00:00","2024","9","17","September","3"
"263","18/09/2024 00:00:00","2024","9","18","September","3"
"264","19/09/2024 00:00:00","2024","9","19","September","3"
"265","20/09/2024 00:00:00","2024","9","20","September","3"
"266","21/09/2024 00:00:00","2024","9","21","September","3"
"267","22/09/2024 00:00:00","2024","9","22","September","3"
"268","23/09/2024 00:00:00","2024","9","23","September","3"
"269","24/09/2024 00:00:00","2024","9","24","September","3"
"270","25/09/2024 00:00:00","2024","9","25","September","3"
"271","26/09/2024 00:00:00","2024","9","26","September","3"
"272","27/09/2024 00:00:00","2024","9","27","September","3"
"273","28/09/2024 00:00:00","2024","9","28","September","3"
"274","29/09/2024 00:00:00","2024","9","29","September","3"
"275","30/09/2024 00:00:00","2024","9","30","September","3"
"276","1/10/2024 00:00:00","2024","10","1","October","4"
"277","2/10/2024 00:00:00","2024","10","2","October","4"
"278","3/10/2024 00:00:00","2024","10","3","October","4"
"279","4/10/2024 00:00:00","2024","10","4","October","4"
"280","5/10/2024 00:00:00","2024","10","5","October","4"
"281","6/10/2024 00:00:00","2024","10","6","October","4"
"282","7/10/2024 00:00:00","2024","10","7","October","4"
"283","8/10/2024 00:00:00","2024","10","8","October","4"
"284","9/10/2024 00:00:00","2024","10","9","October","4"
"285","10/10/2024 00:00:00","2024","10","10","October","4"
"286","11/10/2024 00:00:00","2024","10","11","October","4"
"287","12/10/2024 00:00:00","2024","10","12","October","4"
"288","13/10/2024 00:00:00","2024","10","13","October","4"
"289","14/10/2024 00:00:00","2024","10","14","October","4"
"290","15/10/2024 00:00:00","2024","10","15","October","4"
"291","16/10/2024 00:00:00","2024","10","16","October","4"
"292","17/10/2024 00:00:00","2024","10","17","October","4"
"293","18/10/2024 00:00:00","2024","10","18","October","4"
"294","19/10/2024 00:00:00","2024","10","19","October","4"
"295","20/10/2024 00:00:00","2024","10","20","October","4"
"296","21/10/2024 00:00:00","2024","10","21","October","4"
"297","22/10/2024 00:00:00","2024","10","22","October","4"
"298","23/10/2024 00:00:00","2024","10","23","October","4"
"299","24/10/2024 00:00:00","2024","10","24","October","4"
"300","25/10/2024 00:00:00","2024","10","25","October","4"
"301","26/10/2024 00:00:00","2024","10","26","October","4"
"302","27/10/2024 00:00:00","2024","10","27","October","4"
"303","28/10/2024 00:00:00","2024","10","28","October","4"
"304","29/10/2024 00:00:00","2024","10","29","October","4"
"305","30/10/2024 00:00:00","2024","10","30","October","4"
"306","31/10/2024 00:00:00","2024","10","31","October","4"
"307","1/11/2024 00:00:00","2024","11","1","November","4"
"308","2/11/2024 00:00:00","2024","11","2","November","4"
"309","3/11/2024 00:00:00","2024","11","3","November","4"
"310","4/11/2024 00:00:00","2024","11","4","November","4"
"311","5/11/2024 00:00:00","2024","11","5","November","4"
"312","6/11/2024 00:00:00","2024","11","6","November","4"
"313","7/11/2024 00:00:00","2024","11","7","November","4"
"314","8/11/2024 00:00:00","2024","11","8","November","4"
"315","9/11/2024 00:00:00","2024","11","9","November","4"
"316","10/11/2024 00:00:00","2024","11","10","November","4"
"317","11/11/2024 00:00:00","2024","11","11","November","4"
"318","12/11/2024 00:00:00","2024","11","12","November","4"
"319","13/11/2024 00:00:00","2024","11","13","November","4"
"320","14/11/2024 00:00:00","2024","11","14","November","4"
"321","15/11/2024 00:00:00","2024","11","15","November","4"
"322","16/11/2024 00:00:00","2024","11","16","November","4"
"323","17/11/2024 00:00:00","2024","11","17","November","4"
"324","18/11/2024 00:00:00","2024","11","18","November","4"
"325","19/11/2024 00:00:00","2024","11","19","November","4"
"326","20/11/2024 00:00:00","2024","11","20","November","4"
"327","21/11/2024 00:00:00","2024","11","21","November","4"
"328","22/11/2024 00:00:00","2024","11","22","November","4"
"329","23/11/2024 00:00:00","2024","11","23","November","4"
"330","24/11/2024 00:00:00","2024","11","24","November","4"
"331","25/11/2024 00:00:00","2024","11","25","November","4"
"332","26/11/2024 00:00:00","2024","11","26","November","4"
"333","27/11/2024 00:00:00","2024","11","27","November","4"
"334","28/11/2024 00:00:00","2024","11","28","November","4"
"335","29/11/2024 00:00:00","2024","11","29","November","4"
"336","30/11/2024 00:00:00","2024","11","30","November","4"
"337","1/12/2024 00:00:00","2024","12","1","December","4"
"338","2/12/2024 00:00:00","2024","12","2","December","4"
"339","3/12/2024 00:00:00","2024","12","3","December","4"
"340","4/12/2024 00:00:00","2024","12","4","December","4"
"341","5/12/2024 00:00:00","2024","12","5","December","4"
"342","6/12/2024 00:00:00","2024","12","6","December","4"
"343","7/12/2024 00:00:00","2024","12","7","December","4"
"344","8/12/2024 00:00:00","2024","12","8","December","4"
"345","9/12/2024 00:00:00","2024","12","9","December","4"
"346","10/12/2024 00:00:00","2024","12","10","December","4"
"347","11/12/2024 00:00:00","2024","12","11","December","4"
"348","12/12/2024 00:00:00","2024","12","12","December","4"
"349","13/12/2024 00:00:00","2024","12","13","December","4"
"350","14/12/2024 00:00:00","2024","12","14","December","4"
"351","15/12/2024 00:00:00","2024","12","15","December","4"
"352","16/12/2024 00:00:00","2024","12","16","December","4"
"353","17/12/2024 00:00:00","2024","12","17","December","4"
"354","18/12/2024 00:00:00","2024","12","18","December","4"
"355","19/12/2024 00:00:00","2024","12","19","December","4"
"356","20/12/2024 00:00:00","2024","12","20","December","4"
"357","21/12/2024 00:00:00","2024","12","21","December","4"
"358","22/12/2024 00:00:00","2024","12","22","December","4"
"359","23/12/2024 00:00:00","2024","12","23","December","4"
"360","24/12/2024 00:00:00","2024","12","24","December","4"
"361","25/12/2024 00:00:00","2024","12","25","December","4"
"362","26/12/2024 00:00:00","2024","12","26","December","4"
"363","27/12/2024 00:00:00","2024","12","27","December","4"
"364","28/12/2024 00:00:00","2024","12","28","December","4"
"365","29/12/2024 00:00:00","2024","12","29","December","4"
"366","30/12/2024 00:00:00","2024","12","30","December","4"
"367","31/12/2024 00:00:00","2024","12","31","December","4"
"368","1/01/2025 00:00:00","2025","1","1","January","1"
"369","2/01/2025 00:00:00","2025","1","2","January","1"
"370","3/01/2025 00:00:00","2025","1","3","January","1"
"371","4/01/2025 00:00:00","2025","1","4","January","1"
"372","5/01/2025 00:00:00","2025","1","5","January","1"
"373","6/01/2025 00:00:00","2025","1","6","January","1"
"374","7/01/2025 00:00:00","2025","1","7","January","1"
"375","8/01/2025 00:00:00","2025","1","8","January","1"
"376","9/01/2025 00:00:00","2025","1","9","January","1"
"377","10/01/2025 00:00:00","2025","1","10","January","1"
"378","11/01/2025 00:00:00","2025","1","11","January","1"
"379","12/01/2025 00:00:00","2025","1","12","January","1"
"380","13/01/2025 00:00:00","2025","1","13","January","1"
"381","14/01/2025 00:00:00","2025","1","14","January","1"
"382","15/01/2025 00:00:00","2025","1","15","January","1"
"383","16/01/2025 00:00:00","2025","1","16","January","1"
"384","17/01/2025 00:00:00","2025","1","17","January","1"
"385","18/01/2025 00:00:00","2025","1","18","January","1"
"386","19/01/2025 00:00:00","2025","1","19","January","1"
"387","20/01/2025 00:00:00","2025","1","20","January","1"
"388","21/01/2025 00:00:00","2025","1","21","January","1"
"389","22/01/2025 00:00:00","2025","1","22","January","1"
"390","23/01/2025 00:00:00","2025","1","23","January","1"
"391","24/01/2025 00:00:00","2025","1","24","January","1"
"392","25/01/2025 00:00:00","2025","1","25","January","1"
"393","26/01/2025 00:00:00","2025","1","26","January","1"
"394","27/01/2025 00:00:00","2025","1","27","January","1"
"395","28/01/2025 00:00:00","2025","1","28","January","1"
"396","29/01/2025 00:00:00","2025","1","29","January","1"
"397","30/01/2025 00:00:00","2025","1","30","January","1"
"398","31/01/2025 00:00:00","2025","1","31","January","1"
"399","1/02/2025 00:00:00","2025","2","1","February","1"
"400","2/02/2025 00:00:00","2025","2","2","February","1"
"401","3/02/2025 00:00:00","2025","2","3","February","1"
"402","4/02/2025 00:00:00","2025","2","4","February","1"
"403","5/02/2025 00:00:00","2025","2","5","February","1"
"404","6/02/2025 00:00:00","2025","2","6","February","1"
"405","7/02/2025 00:00:00","2025","2","7","February","1"
"406","8/02/2025 00:00:00","2025","2","8","February","1"
"407","9/02/2025 00:00:00","2025","2","9","February","1"
"408","10/02/2025 00:00:00","2025","2","10","February","1"
"409","11/02/2025 00:00:00","2025","2","11","February","1"
"410","12/02/2025 00:00:00","2025","2","12","February","1"
"411","13/02/2025 00:00:00","2025","2","13","February","1"
"412","14/02/2025 00:00:00","2025","2","14","February","1"
"413","15/02/2025 00:00:00","2025","2","15","February","1"
"414","16/02/2025 00:00:00","2025","2","16","February","1"
"415","17/02/2025 00:00:00","2025","2","17","February","1"
"416","18/02/2025 00:00:00","2025","2","18","February","1"
"417","19/02/2025 00:00:00","2025","2","19","February","1"
"418","20/02/2025 00:00:00","2025","2","20","February","1"
"419","21/02/2025 00:00:00","2025","2","21","February","1"
"420","22/02/2025 00:00:00","2025","2","22","February","1"
"421","23/02/2025 00:00:00","2025","2","23","February","1"
"422","24/02/2025 00:00:00","2025","2","24","February","1"
"423","25/02/2025 00:00:00","2025","2","25","February","1"
"424","26/02/2025 00:00:00","2025","2","26","February","1"
"425","27/02/2025 00:00:00","2025","2","27","February","1"
"426","28/02/2025 00:00:00","2025","2","28","February","1"
"427","1/03/2025 00:00:00","2025","3","1","March","1"
"428","2/03/2025 00:00:00","2025","3","2","March","1"
"429","3/03/2025 00:00:00","2025","3","3","March","1"
"430","4/03/2025 00:00:00","2025","3","4","March","1"
"431","5/03/2025 00:00:00","2025","3","5","March","1"
"432","6/03/2025 00:00:00","2025","3","6","March","1"
"433","7/03/2025 00:00:00","2025","3","7","March","1"
"434","8/03/2025 00:00:00","2025","3","8","March","1"
"435","9/03/2025 00:00:00","2025","3","9","March","1"
"436","10/03/2025 00:00:00","2025","3","10","March","1"
"437","11/03/2025 00:00:00","2025","3","11","March","1"
"438","12/03/2025 00:00:00","2025","3","12","March","1"
"439","13/03/2025 00:00:00","2025","3","13","March","1"
"440","14/03/2025 00:00:00","2025","3","14","March","1"
"441","15/03/2025 00:00:00","2025","3","15","March","1"
"442","16/03/2025 00:00:00","2025","3","16","March","1"
"443","17/03/2025 00:00:00","2025","3","17","March","1"
"444","18/03/2025 00:00:00","2025","3","18","March","1"
"445","19/03/2025 00:00:00","2025","3","19","March","1"
"446","20/03/2025 00:00:00","2025","3","20","March","1"
"447","21/03/2025 00:00:00","2025","3","21","March","1"
"448","22/03/2025 00:00:00","2025","3","22","March","1"
"449","23/03/2025 00:00:00","2025","3","23","March","1"
"450","24/03/2025 00:00:00","2025","3","24","March","1"
"451","25/03/2025 00:00:00","2025","3","25","March","1"
"452","26/03/2025 00:00:00","2025","3","26","March","1"
"453","27/03/2025 00:00:00","2025","3","27","March","1"
"454","28/03/2025 00:00:00","2025","3","28","March","1"
"455","29/03/2025 00:00:00","2025","3","29","March","1"
"456","30/03/2025 00:00:00","2025","3","30","March","1"
"457","31/03/2025 00:00:00","2025","3","31","March","1"
"458","1/04/2025 00:00:00","2025","4","1","April","2"
"459","2/04/2025 00:00:00","2025","4","2","April","2"
"460","3/04/2025 00:00:00","2025","4","3","April","2"
"461","4/04/2025 00:00:00","2025","4","4","April","2"
"462","5/04/2025 00:00:00","2025","4","5","April","2"
"463","6/04/2025 00:00:00","2025","4","6","April","2"
"464","7/04/2025 00:00:00","2025","4","7","April","2"
"465","8/04/2025 00:00:00","2025","4","8","April","2"
"466","9/04/2025 00:00:00","2025","4","9","April","2"
"467","10/04/2025 00:00:00","2025","4","10","April","2"
"468","11/04/2025 00:00:00","2025","4","11","April","2"
"469","12/04/2025 00:00:00","2025","4","12","April","2"
"470","13/04/2025 00:00:00","2025","4","13","April","2"
"471","14/04/2025 00:00:00","2025","4","14","April","2"
"472","15/04/2025 00:00:00","2025","4","15","April","2"
"473","16/04/2025 00:00:00","2025","4","16","April","2"
"474","17/04/2025 00:00:00","2025","4","17","April","2"
"475","18/04/2025 00:00:00","2025","4","18","April","2"
"476","19/04/2025 00:00:00","2025","4","19","April","2"
"477","20/04/2025 00:00:00","2025","4","20","April","2"
"478","21/04/2025 00:00:00","2025","4","21","April","2"
"479","22/04/2025 00:00:00","2025","4","22","April","2"
"480","23/04/2025 00:00:00","2025","4","23","April","2"
"481","24/04/2025 00:00:00","2025","4","24","April","2"
"482","25/04/2025 00:00:00","2025","4","25","April","2"
"483","26/04/2025 00:00:00","2025","4","26","April","2"
"484","27/04/2025 00:00:00","2025","4","27","April","2"
"485","28/04/2025 00:00:00","2025","4","28","April","2"
"486","29/04/2025 00:00:00","2025","4","29","April","2"
"487","30/04/2025 00:00:00","2025","4","30","April","2"
"488","1/05/2025 00:00:00","2025","5","1","May","2"
"489","2/05/2025 00:00:00","2025","5","2","May","2"
"490","3/05/2025 00:00:00","2025","5","3","May","2"
"491","4/05/2025 00:00:00","2025","5","4","May","2"
"492","5/05/2025 00:00:00","2025","5","5","May","2"
"493","6/05/2025 00:00:00","2025","5","6","May","2"
"494","7/05/2025 00:00:00","2025","5","7","May","2"
"495","8/05/2025 00:00:00","2025","5","8","May","2"
"496","9/05/2025 00:00:00","2025","5","9","May","2"
"497","10/05/2025 00:00:00","2025","5","10","May","2"
"498","11/05/2025 00:00:00","2025","5","11","May","2"
"499","12/05/2025 00:00:00","2025","5","12","May","2"
"500","13/05/2025 00:00:00","2025","5","13","May","2"
"501","14/05/2025 00:00:00","2025","5","14","May","2"
"502","15/05/2025 00:00:00","2025","5","15","May","2"
"503","16/05/2025 00:00:00","2025","5","16","May","2"
"504","17/05/2025 00:00:00","2025","5","17","May","2"
"505","18/05/2025 00:00:00","2025","5","18","May","2"
"506","19/05/2025 00:00:00","2025","5","19","May","2"
"507","20/05/2025 00:00:00","2025","5","20","May","2"
"508","21/05/2025 00:00:00","2025","5","21","May","2"
"509","22/05/2025 00:00:00","2025","5","22","May","2"
"510","23/05/2025 00:00:00","2025","5","23","May","2"
"511","24/05/2025 00:00:00","2025","5","24","May","2"
"512","25/05/2025 00:00:00","2025","5","25","May","2"
"513","26/05/2025 00:00:00","2025","5","26","May","2"
"514","27/05/2025 00:00:00","2025","5","27","May","2"
"515","28/05/2025 00:00:00","2025","5","28","May","2"
"516","29/05/2025 00:00:00","2025","5","29","May","2"
"517","30/05/2025 00:00:00","2025","5","30","May","2"
"518","31/05/2025 00:00:00","2025","5","31","May","2"
"519","1/06/2025 00:00:00","2025","6","1","June","2"
"520","2/06/2025 00:00:00","2025","6","2","June","2"
"521","3/06/2025 00:00:00","2025","6","3","June","2"
"522","4/06/2025 00:00:00","2025","6","4","June","2"
"523","5/06/2025 00:00:00","2025","6","5","June","2"
"524","6/06/2025 00:00:00","2025","6","6","June","2"
"525","7/06/2025 00:00:00","2025","6","7","June","2"
"526","8/06/2025 00:00:00","2025","6","8","June","2"
"527","9/06/2025 00:00:00","2025","6","9","June","2"
"528","10/06/2025 00:00:00","2025","6","10","June","2"
"529","11/06/2025 00:00:00","2025","6","11","June","2"
"530","12/06/2025 00:00:00","2025","6","12","June","2"
"531","13/06/2025 00:00:00","2025","6","13","June","2"
"532","14/06/2025 00:00:00","2025","6","14","June","2"
"533","15/06/2025 00:00:00","2025","6","15","June","2"
"534","16/06/2025 00:00:00","2025","6","16","June","2"
"535","17/06/2025 00:00:00","2025","6","17","June","2"
"536","18/06/2025 00:00:00","2025","6","18","June","2"
"537","19/06/2025 00:00:00","2025","6","19","June","2"
"538","20/06/2025 00:00:00","2025","6","20","June","2"
"539","21/06/2025 00:00:00","2025","6","21","June","2"
"540","22/06/2025 00:00:00","2025","6","22","June","2"
"541","23/06/2025 00:00:00","2025","6","23","June","2"
"542","24/06/2025 00:00:00","2025","6","24","June","2"
"543","25/06/2025 00:00:00","2025","6","25","June","2"
"544","26/06/2025 00:00:00","2025","6","26","June","2"
"545","27/06/2025 00:00:00","2025","6","27","June","2"
"546","28/06/2025 00:00:00","2025","6","28","June","2"
"547","29/06/2025 00:00:00","2025","6","29","June","2"
"548","30/06/2025 00:00:00","2025","6","30","June","2"
"549","1/07/2025 00:00:00","2025","7","1","July","3"
"550","2/07/2025 00:00:00","2025","7","2","July","3"
"551","3/07/2025 00:00:00","2025","7","3","July","3"
"552","4/07/2025 00:00:00","2025","7","4","July","3"
"553","5/07/2025 00:00:00","2025","7","5","July","3"
"554","6/07/2025 00:00:00","2025","7","6","July","3"
"555","7/07/2025 00:00:00","2025","7","7","July","3"
"556","8/07/2025 00:00:00","2025","7","8","July","3"
"557","9/07/2025 00:00:00","2025","7","9","July","3"
"558","10/07/2025 00:00:00","2025","7","10","July","3"
"559","11/07/2025 00:00:00","2025","7","11","July","3"
"560","12/07/2025 00:00:00","2025","7","12","July","3"
"561","13/07/2025 00:00:00","2025","7","13","July","3"
"562","14/07/2025 00:00:00","2025","7","14","July","3"
"563","15/07/2025 00:00:00","2025","7","15","July","3"
"564","16/07/2025 00:00:00","2025","7","16","July","3"
"565","17/07/2025 00:00:00","2025","7","17","July","3"
"566","18/07/2025 00:00:00","2025","7","18","July","3"
"567","19/07/2025 00:00:00","2025","7","19","July","3"
"568","20/07/2025 00:00:00","2025","7","20","July","3"
"569","21/07/2025 00:00:00","2025","7","21","July","3"
"570","22/07/2025 00:00:00","2025","7","22","July","3"
"571","23/07/2025 00:00:00","2025","7","23","July","3"
"572","24/07/2025 00:00:00","2025","7","24","July","3"
"573","25/07/2025 00:00:00","2025","7","25","July","3"
"574","26/07/2025 00:00:00","2025","7","26","July","3"
"575","27/07/2025 00:00:00","2025","7","27","July","3"
"576","28/07/2025 00:00:00","2025","7","28","July","3"
"577","29/07/2025 00:00:00","2025","7","29","July","3"
"578","30/07/2025 00:00:00","2025","7","30","July","3"
"579","31/07/2025 00:00:00","2025","7","31","July","3"
"580","1/08/2025 00:00:00","2025","8","1","August","3"
"581","2/08/2025 00:00:00","2025","8","2","August","3"
"582","3/08/2025 00:00:00","2025","8","3","August","3"
"583","4/08/2025 00:00:00","2025","8","4","August","3"
"584","5/08/2025 00:00:00","2025","8","5","August","3"
"585","6/08/2025 00:00:00","2025","8","6","August","3"
"586","7/08/2025 00:00:00","2025","8","7","August","3"
"587","8/08/2025 00:00:00","2025","8","8","August","3"
"588","9/08/2025 00:00:00","2025","8","9","August","3"
"589","10/08/2025 00:00:00","2025","8","10","August","3"
"590","11/08/2025 00:00:00","2025","8","11","August","3"
"591","12/08/2025 00:00:00","2025","8","12","August","3"
"592","13/08/2025 00:00:00","2025","8","13","August","3"
"593","14/08/2025 00:00:00","2025","8","14","August","3"
"594","15/08/2025 00:00:00","2025","8","15","August","3"
"595","16/08/2025 00:00:00","2025","8","16","August","3"
"596","17/08/2025 00:00:00","2025","8","17","August","3"
"597","18/08/2025 00:00:00","2025","8","18","August","3"
"598","19/08/2025 00:00:00","2025","8","19","August","3"
"599","20/08/2025 00:00:00","2025","8","20","August","3"
"600","21/08/2025 00:00:00","2025","8","21","August","3"
"601","22/08/2025 00:00:00","2025","8","22","August","3"
"602","23/08/2025 00:00:00","2025","8","23","August","3"
"603","24/08/2025 00:00:00","2025","8","24","August","3"
"604","25/08/2025 00:00:00","2025","8","25","August","3"
"605","26/08/2025 00:00:00","2025","8","26","August","3"
"606","27/08/2025 00:00:00","2025","8","27","August","3"
"607","28/08/2025 00:00:00","2025","8","28","August","3"
"608","29/08/2025 00:00:00","2025","8","29","August","3"
"609","30/08/2025 00:00:00","2025","8","30","August","3"
"610","31/08/2025 00:00:00","2025","8","31","August","3"
"611","1/09/2025 00:00:00","2025","9","1","September","3"
"612","2/09/2025 00:00:00","2025","9","2","September","3"
"613","3/09/2025 00:00:00","2025","9","3","September","3"
"614","4/09/2025 00:00:00","2025","9","4","September","3"
"615","5/09/2025 00:00:00","2025","9","5","September","3"
"616","6/09/2025 00:00:00","2025","9","6","September","3"
"617","7/09/2025 00:00:00","2025","9","7","September","3"
"618","8/09/2025 00:00:00","2025","9","8","September","3"
"619","9/09/2025 00:00:00","2025","9","9","September","3"
"620","10/09/2025 00:00:00","2025","9","10","September","3"
"621","11/09/2025 00:00:00","2025","9","11","September","3"
"622","12/09/2025 00:00:00","2025","9","12","September","3"
"623","13/09/2025 00:00:00","2025","9","13","September","3"
"624","14/09/2025 00:00:00","2025","9","14","September","3"
"625","15/09/2025 00:00:00","2025","9","15","September","3"
"626","16/09/2025 00:00:00","2025","9","16","September","3"
"627","17/09/2025 00:00:00","2025","9","17","September","3"
"628","18/09/2025 00:00:00","2025","9","18","September","3"
"629","19/09/2025 00:00:00","2025","9","19","September","3"
"630","20/09/2025 00:00:00","2025","9","20","September","3"
"631","21/09/2025 00:00:00","2025","9","21","September","3"
"632","22/09/2025 00:00:00","2025","9","22","September","3"
"633","23/09/2025 00:00:00","2025","9","23","September","3"
"634","24/09/2025 00:00:00","2025","9","24","September","3"
"635","25/09/2025 00:00:00","2025","9","25","September","3"
"636","26/09/2025 00:00:00","2025","9","26","September","3"
"637","27/09/2025 00:00:00","2025","9","27","September","3"
"638","28/09/2025 00:00:00","2025","9","28","September","3"
"639","29/09/2025 00:00:00","2025","9","29","September","3"
"640","30/09/2025 00:00:00","2025","9","30","September","3"
"641","1/10/2025 00:00:00","2025","10","1","October","4"
"642","2/10/2025 00:00:00","2025","10","2","October","4"
"643","3/10/2025 00:00:00","2025","10","3","October","4"
"644","4/10/2025 00:00:00","2025","10","4","October","4"
"645","5/10/2025 00:00:00","2025","10","5","October","4"
"646","6/10/2025 00:00:00","2025","10","6","October","4"
"647","7/10/2025 00:00:00","2025","10","7","October","4"
"648","8/10/2025 00:00:00","2025","10","8","October","4"
"649","9/10/2025 00:00:00","2025","10","9","October","4"
"650","10/10/2025 00:00:00","2025","10","10","October","4"
"651","11/10/2025 00:00:00","2025","10","11","October","4"
"652","12/10/2025 00:00:00","2025","10","12","October","4"
"653","13/10/2025 00:00:00","2025","10","13","October","4"
"654","14/10/2025 00:00:00","2025","10","14","October","4"
"655","15/10/2025 00:00:00","2025","10","15","October","4"
"656","16/10/2025 00:00:00","2025","10","16","October","4"
"657","17/10/2025 00:00:00","2025","10","17","October","4"
"658","18/10/2025 00:00:00","2025","10","18","October","4"
"659","19/10/2025 00:00:00","2025","10","19","October","4"
"660","20/10/2025 00:00:00","2025","10","20","October","4"
"661","21/10/2025 00:00:00","2025","10","21","October","4"
"662","22/10/2025 00:00:00","2025","10","22","October","4"
"663","23/10/2025 00:00:00","2025","10","23","October","4"
"664","24/10/2025 00:00:00","2025","10","24","October","4"
"665","25/10/2025 00:00:00","2025","10","25","October","4"
"666","26/10/2025 00:00:00","2025","10","26","October","4"
"667","27/10/2025 00:00:00","2025","10","27","October","4"
"668","28/10/2025 00:00:00","2025","10","28","October","4"
"669","29/10/2025 00:00:00","2025","10","29","October","4"
"670","30/10/2025 00:00:00","2025","10","30","October","4"
"671","31/10/2025 00:00:00","2025","10","31","October","4"
"672","1/11/2025 00:00:00","2025","11","1","November","4"
"673","2/11/2025 00:00:00","2025","11","2","November","4"
"674","3/11/2025 00:00:00","2025","11","3","November","4"
"675","4/11/2025 00:00:00","2025","11","4","November","4"
"676","5/11/2025 00:00:00","2025","11","5","November","4"
"677","6/11/2025 00:00:00","2025","11","6","November","4"
"678","7/11/2025 00:00:00","2025","11","7","November","4"
"679","8/11/2025 00:00:00","2025","11","8","November","4"
"680","9/11/2025 00:00:00","2025","11","9","November","4"
"681","10/11/2025 00:00:00","2025","11","10","November","4"
"682","11/11/2025 00:00:00","2025","11","11","November","4"
"683","12/11/2025 00:00:00","2025","11","12","November","4"
"684","13/11/2025 00:00:00","2025","11","13","November","4"
"685","14/11/2025 00:00:00","2025","11","14","November","4"
"686","15/11/2025 00:00:00","2025","11","15","November","4"
"687","16/11/2025 00:00:00","2025","11","16","November","4"
"688","17/11/2025 00:00:00","2025","11","17","November","4"
"689","18/11/2025 00:00:00","2025","11","18","November","4"
"690","19/11/2025 00:00:00","2025","11","19","November","4"
"691","20/11/2025 00:00:00","2025","11","20","November","4"
"692","21/11/2025 00:00:00","2025","11","21","November","4"
"693","22/11/2025 00:00:00","2025","11","22","November","4"
"694","23/11/2025 00:00:00","2025","11","23","November","4"
"695","24/11/2025 00:00:00","2025","11","24","November","4"
"696","25/11/2025 00:00:00","2025","11","25","November","4"
"697","26/11/2025 00:00:00","2025","11","26","November","4"
"698","27/11/2025 00:00:00","2025","11","27","November","4"
"699","28/11/2025 00:00:00","2025","11","28","November","4"
"700","29/11/2025 00:00:00","2025","11","29","November","4"
"701","30/11/2025 00:00:00","2025","11","30","November","4"
"702","1/12/2025 00:00:00","2025","12","1","December","4"
"703","2/12/2025 00:00:00","2025","12","2","December","4"
"704","3/12/2025 00:00:00","2025","12","3","December","4"
"705","4/12/2025 00:00:00","2025","12","4","December","4"
"706","5/12/2025 00:00:00","2025","12","5","December","4"
"707","6/12/2025 00:00:00","2025","12","6","December","4"
"708","7/12/2025 00:00:00","2025","12","7","December","4"
"709","8/12/2025 00:00:00","2025","12","8","December","4"
"710","9/12/2025 00:00:00","2025","12","9","December","4"
"711","10/12/2025 00:00:00","2025","12","10","December","4"
"712","11/12/2025 00:00:00","2025","12","11","December","4"
"713","12/12/2025 00:00:00","2025","12","12","December","4"
"714","13/12/2025 00:00:00","2025","12","13","December","4"
"715","14/12/2025 00:00:00","2025","12","14","December","4"
"716","15/12/2025 00:00:00","2025","12","15","December","4"
"717","16/12/2025 00:00:00","2025","12","16","December","4"
"718","17/12/2025 00:00:00","2025","12","17","December","4"
"719","18/12/2025 00:00:00","2025","12","18","December","4"
"720","19/12/2025 00:00:00","2025","12","19","December","4"
"721","20/12/2025 00:00:00","2025","12","20","December","4"
"722","21/12/2025 00:00:00","2025","12","21","December","4"
"723","22/12/2025 00:00:00","2025","12","22","December","4"
"724","23/12/2025 00:00:00","2025","12","23","December","4"
"725","24/12/2025 00:00:00","2025","12","24","December","4"
"726","25/12/2025 00:00:00","2025","12","25","December","4"
"727","26/12/2025 00:00:00","2025","12","26","December","4"
"728","27/12/2025 00:00:00","2025","12","27","December","4"
"729","28/12/2025 00:00:00","2025","12","28","December","4"
"730","29/12/2025 00:00:00","2025","12","29","December","4"
"731","30/12/2025 00:00:00","2025","12","30","December","4"
"732","31/12/2025 00:00:00","2025","12","31","December","4"
